channel,month,vertical,revenue_aed,revenue_share_pct,allocated_spend_aed,roas
Direct,2024-02,Primary Sales,15641384.120000001,1.0,0.0,
Direct,2024-03,Mortgage,8608840.54,0.26895067097682557,0.0,
Direct,2024-03,Primary Sales,17658199.65,0.5516636789871644,0.0,
Direct,2024-03,Secondary Sales,5741954.28,0.17938565003601004,0.0,
Direct,2024-04,Primary Sales,16746245.93,0.6720322325746809,0.0,
Direct,2024-04,Property Management,44736.62,0.0017952949420494463,0.0,
Direct,2024-04,Rental,436730.38,0.017526130544804962,0.0,
Direct,2024-04,Secondary Sales,7691100.66,0.3086463419384647,0.0,
Direct,2024-05,Mortgage,11268172.4,0.21398775263254574,0.0,
Direct,2024-05,Primary Sales,28040563.54,0.5325031390604833,0.0,
Direct,2024-05,Property Management,13394.81,0.0002543735742665731,0.0,
Direct,2024-05,Rental,695793.21,0.013213431603592162,0.0,
Direct,2024-05,Secondary Sales,12640100.91,0.24004130312911223,0.0,
Direct,2024-06,Mortgage,605122.52,0.010308077272840544,0.0,
Direct,2024-06,Primary Sales,42130319.9,0.7176771293500888,0.0,
Direct,2024-06,Property Management,10067.06,0.00017148929177238705,0.0,
Direct,2024-06,Rental,622000.14,0.010595582373694564,0.0,
Direct,2024-06,Secondary Sales,15336214.07,0.26124772171160376,0.0,
Direct,2024-07,Mortgage,9843551.45,0.3811291725346643,0.0,
Direct,2024-07,Primary Sales,3326389.75,0.12879337090733536,0.0,
Direct,2024-07,Rental,1211374.16,0.04690279047921002,0.0,
Direct,2024-07,Secondary Sales,11446021.3,0.44317466607879036,0.0,
Direct,2024-08,Primary Sales,1786418.78,0.7304838701848777,0.0,
Direct,2024-08,Rental,659109.25,0.26951612981512213,0.0,
Direct,2024-09,Primary Sales,30199343.310000002,0.717403806594589,0.0,
Direct,2024-09,Property Management,30141.98,0.0007160411062030464,0.0,
Direct,2024-09,Rental,274717.78,0.00652608830225636,0.0,
Direct,2024-09,Secondary Sales,11591117.629999999,0.2753540639969515,0.0,
Direct,2024-10,Mortgage,19647925.19,0.46111867096891995,0.0,
Direct,2024-10,Primary Sales,15091308.56,0.35417908400378456,0.0,
Direct,2024-10,Property Management,11388.86,0.0002672860333224372,0.0,
Direct,2024-10,Rental,443776.27,0.010415019491935707,0.0,
Direct,2024-10,Secondary Sales,7414860.79,0.17401993950203734,0.0,
Direct,2024-11,Mortgage,2644020.44,0.15481591935761532,0.0,
Direct,2024-11,Primary Sales,10240648.45,0.5996229759119744,0.0,
Direct,2024-11,Rental,376692.82999999996,0.02205657940824084,0.0,
Direct,2024-11,Secondary Sales,3817117.3600000003,0.2235045253221694,0.0,
Direct,2024-12,Primary Sales,7431276.17,0.9529832590070136,0.0,
Direct,2024-12,Rental,53509.92,0.006862086239866467,0.0,
Direct,2024-12,Secondary Sales,313122.32,0.040154654753119884,0.0,
Direct,2025-01,Mortgage,5073327.11,0.14331214542018825,0.0,
Direct,2025-01,Primary Sales,30136458.24,0.8512994317333324,0.0,
Direct,2025-01,Property Management,44014.33,0.001243323744904782,0.0,
Direct,2025-01,Rental,146738.74,0.004145099101574626,0.0,
Direct,2025-02,Mortgage,9185728.84,0.4982753295412908,0.0,
Direct,2025-02,Primary Sales,3960054.45,0.21481120011759514,0.0,
Direct,2025-02,Property Management,16251.83,0.0008815725012081933,0.0,
Direct,2025-02,Rental,194070.34,0.010527249857039143,0.0,
Direct,2025-02,Secondary Sales,5078940.98,0.2755046479828667,0.0,
Direct,2025-03,Primary Sales,36868530.769999996,0.8102214310061328,0.0,
Direct,2025-03,Property Management,61588.3,0.0013534621401251736,0.0,
Direct,2025-03,Rental,1217012.79,0.02674502682024197,0.0,
Direct,2025-03,Secondary Sales,7357133.22,0.1616800800335,0.0,
Direct,2025-04,Mortgage,12516484.59,0.2446305480614579,0.0,
Direct,2025-04,Primary Sales,33463416.3,0.654031394407503,0.0,
Direct,2025-04,Property Management,46779.99,0.0009142994192756418,0.0,
Direct,2025-04,Secondary Sales,5138166.23,0.10042375811176348,0.0,
Direct,2025-05,Mortgage,8534499.84,0.13927342755661556,0.0,
Direct,2025-05,Primary Sales,43207371.01,0.705095643457537,0.0,
Direct,2025-05,Property Management,89388.66,0.0014587222797221282,0.0,
Direct,2025-05,Rental,769811.5900000001,0.012562458342269774,0.0,
Direct,2025-05,Secondary Sales,8677666.63,0.14160974836385554,0.0,
Direct,2025-06,Mortgage,22698248.75,0.3089540029750493,0.0,
Direct,2025-06,Primary Sales,18835718.56,0.2563797195157371,0.0,
Direct,2025-06,Property Management,126624.45999999999,0.0017235309306209807,0.0,
Direct,2025-06,Rental,1504663.47,0.02048051403907661,0.0,
Direct,2025-06,Secondary Sales,30302796.740000002,0.41246223253951586,0.0,
Email Campaign,2024-01,Primary Sales,3560917.22,1.0,7917.29,449.7646568459663
Email Campaign,2024-02,Mortgage,5636866.46,0.8091715615396823,8842.35979789034,637.4844033540544
Email Campaign,2024-02,Primary Sales,985902.96,0.1415262616794003,1546.5522839661323,637.4844033540544
Email Campaign,2024-02,Rental,343449.77,0.04930217678091752,538.757918143529,637.4844033540544
Email Campaign,2024-03,Mortgage,7274594.15,0.3079589604532087,1553.1602211497127,4683.737099972242
Email Campaign,2024-03,Primary Sales,8448223.71,0.35764279597752546,1803.7356772330518,4683.737099972242
Email Campaign,2024-03,Property Management,32568.97,0.0013787581736407577,6.953628972939797,4683.737099972242
Email Campaign,2024-03,Secondary Sales,7866572.86,0.3330194853956251,1679.5504726442955,4683.737099972242
Email Campaign,2024-04,Mortgage,2377506.06,0.08521992855755776,1090.6420890817674,2179.9140926256277
Email Campaign,2024-04,Primary Sales,15752681.19,0.5646430889020674,7226.285312475991,2179.9140926256273
Email Campaign,2024-04,Rental,112733.41,0.004040844861716091,51.71461131489668,2179.9140926256273
Email Campaign,2024-04,Secondary Sales,9655554.5,0.3460961376786587,4429.3279871273435,2179.9140926256273
Email Campaign,2024-05,Primary Sales,16495810.04,0.8301146987105648,11458.903301000635,1439.5627231237322
Email Campaign,2024-05,Rental,441470.18,0.022215998157820615,306.6696385705558,1439.5627231237322
Email Campaign,2024-05,Secondary Sales,2934443.61,0.14766930313161464,2038.4270604288085,1439.562723123732
Email Campaign,2024-06,Mortgage,13432372.4,0.28931277207995076,1033.5149088289288,12996.786292343051
Email Campaign,2024-06,Primary Sales,30155960.61,0.6495133025654428,2320.262865887557,12996.78629234305
Email Campaign,2024-06,Rental,599370.0700000001,0.012909515258336208,46.11679045250702,12996.78629234305
Email Campaign,2024-06,Secondary Sales,2240846.56,0.04826441009627024,172.41543483100716,12996.78629234305
Email Campaign,2024-07,Primary Sales,18013663.96,0.5055032083072092,3403.1284788374614,5293.265908712805
Email Campaign,2024-07,Rental,767566.99,0.02153962552522866,145.00820537592335,5293.265908712805
Email Campaign,2024-07,Secondary Sales,16853882.07,0.4729571661675623,3184.023315786616,5293.265908712805
Email Campaign,2024-08,Primary Sales,11610037.690000001,0.6674871010879274,7520.884212024178,1543.7064795437484
Email Campaign,2024-08,Rental,235734.65000000002,0.013552913638687523,152.7069123073661,1543.7064795437482
Email Campaign,2024-08,Secondary Sales,5547878.67,0.3189599852733851,3593.8688756684555,1543.7064795437482
Email Campaign,2024-09,Mortgage,3956360.83,0.19840794144403937,2479.129053216831,1595.8672360627475
Email Campaign,2024-09,Primary Sales,6125225.91,0.3071745768150254,3838.180126507192,1595.8672360627477
Email Campaign,2024-09,Rental,421167.91000000003,0.021121192332042283,263.9116215200249,1595.8672360627475
Email Campaign,2024-09,Secondary Sales,9437782.01,0.47329628940889296,5913.889198755953,1595.8672360627477
Email Campaign,2024-10,Primary Sales,27301944.759999998,0.6450200831007359,2869.4943934894127,9514.548912151668
Email Campaign,2024-10,Property Management,3686.86,8.710363911749338e-05,0.3874970883056016,9514.548912151668
Email Campaign,2024-10,Rental,281188.92,0.006643208098901969,29.5535734375042,9514.548912151668
Email Campaign,2024-10,Secondary Sales,14740458.06,0.3482496051612447,1549.2545359847775,9514.548912151668
Email Campaign,2024-11,Mortgage,7901296.32,0.19436361154910778,972.3311776800286,8126.136959685285
Email Campaign,2024-11,Primary Sales,31343605.38,0.7710198547049105,3857.134765940974,8126.136959685285
Email Campaign,2024-11,Property Management,56295.350000000006,0.001384806631251752,6.927689045765265,8126.136959685285
Email Campaign,2024-11,Rental,324650.35,0.007986058484727462,39.95137561803699,8126.136959685286
Email Campaign,2024-11,Secondary Sales,1026290.4,0.02524566863000253,126.29499171519588,8126.136959685285
Email Campaign,2024-12,Mortgage,4019497.05,0.22700966308413076,2446.8758657748126,1642.7057482653338
Email Campaign,2024-12,Primary Sales,8505558.77,0.4803695603458581,5177.773791186711,1642.7057482653338
Email Campaign,2024-12,Property Management,53865.39,0.0030421627093358125,32.7906504599992,1642.7057482653338
Email Campaign,2024-12,Rental,809994.87,0.045746186712234134,493.0857951007594,1642.7057482653336
Email Campaign,2024-12,Secondary Sales,4317365.65,0.2438324271484412,2628.2038974777174,1642.7057482653338
Email Campaign,2025-01,Mortgage,3338656.11,0.05895660862910259,345.91198284692956,9651.7503745379
Email Campaign,2025-01,Primary Sales,27777375.22,0.4905146818458258,2877.9624567662845,9651.7503745379
Email Campaign,2025-01,Rental,757091.38,0.013369313495161737,78.4408372182178,9651.7503745379
Email Campaign,2025-01,Secondary Sales,24755916.64,0.43715939602990994,2564.9147231685683,9651.750374537898
Email Campaign,2025-02,Primary Sales,46351486.66,0.7176689288474473,3324.7017865358384,13941.547132952266
Email Campaign,2025-02,Property Management,14218.14,0.00022014217966408251,1.0198394671990152,13941.547132952268
Email Campaign,2025-02,Rental,633767.73,0.009812746919284642,45.45892388815481,13941.547132952268
Email Campaign,2025-02,Secondary Sales,17586696.38,0.272298182053604,1261.4594501088081,13941.547132952268
Email Campaign,2025-03,Mortgage,6602161.19,0.34672904995209713,4508.597584208608,1464.3491832413947
Email Campaign,2025-03,Primary Sales,6357013.71,0.3338545153273903,4341.187049340581,1464.3491832413945
Email Campaign,2025-03,Property Management,18754.36,0.000984932242355569,12.807300481765205,1464.3491832413947
Email Campaign,2025-03,Rental,943447.71,0.04954752220579783,644.2778271720964,1464.349183241395
Email Campaign,2025-03,Secondary Sales,5119892.26,0.26888398027235916,3496.3602387969486,1464.3491832413947
Email Campaign,2025-04,Primary Sales,7144663.78,0.6979481828321846,7156.8444205431615,998.2980431280304
Email Campaign,2025-04,Property Management,3549.46,0.00034673978136946364,3.555511326936245,998.2980431280304
Email Campaign,2025-04,Rental,196014.69,0.019148290375381943,196.3488673040115,998.2980431280305
Email Campaign,2025-04,Secondary Sales,2892440.0,0.28255678701106407,2897.3712008258926,998.2980431280304
Email Campaign,2025-05,Mortgage,13118742.39,0.26124230576716745,847.877577905688,15472.448773093087
Email Campaign,2025-05,Primary Sales,30059764.06,0.5986002194720611,1942.7929283097426,15472.448773093085
Email Campaign,2025-05,Rental,765771.54,0.015249321684444992,49.492588486167286,15472.448773093087
Email Campaign,2025-05,Secondary Sales,6272482.85,0.12490815307632654,405.3969052984024,15472.448773093085
Email Campaign,2025-06,Mortgage,50042874.980000004,0.3228367037973364,2501.619648954066,20004.19008578025
Email Campaign,2025-06,Primary Sales,72252044.39,0.46611254574819455,3611.8455223718124,20004.19008578025
Email Campaign,2025-06,Property Management,40601.22,0.0002619266786768151,2.029635782598412,20004.190085780254
Email Campaign,2025-06,Rental,1265373.9100000001,0.00816318291742453,63.25544321334342,20004.19008578025
Email Campaign,2025-06,Secondary Sales,31408973.93,0.20262564085836762,1570.119749678179,20004.190085780254
Google Ads,2024-01,Unallocated,0.0,1.0,34698.36,0.0
Google Ads,2024-02,Unallocated,0.0,1.0,56653.32,0.0
Google Ads,2024-03,Secondary Sales,6265041.88,1.0,47707.37,131.32230680500726
Google Ads,2024-04,Mortgage,1230357.66,0.061734318768058266,3559.96011390147,345.60995646988107
Google Ads,2024-04,Primary Sales,18699523.88,0.9382656812319418,54105.85988609853,345.6099564698811
Google Ads,2024-05,Mortgage,4307887.71,0.14235184930489456,11423.721671532858,377.10019850492023
Google Ads,2024-05,Primary Sales,13677131.899999999,0.45195352112647474,36269.22487504748,377.1001985049203
Google Ads,2024-05,Secondary Sales,12277233.61,0.4056946295686306,32556.953453419646,377.1001985049203
Google Ads,2024-06,Mortgage,8607507.95,0.5787916089717761,42578.30695322499,202.1571209831312
Google Ads,2024-06,Primary Sales,4038064.07,0.27153011229067975,19974.879194767287,202.15712098313116
Google Ads,2024-06,Property Management,38555.42,0.0025925684537279566,190.7200686896269,202.1571209831312
Google Ads,2024-06,Rental,296520.36,0.01993881356302323,1466.7816723841395,202.1571209831312
Google Ads,2024-06,Secondary Sales,1890866.95,0.12714689672079302,9353.452110933958,202.15712098313116
Google Ads,2024-07,Mortgage,3824746.97,0.09257186544521555,10716.358905069656,356.90732308252603
Google Ads,2024-07,Primary Sales,32257185.98,0.780733445533484,90379.72575458004,356.9073230825261
Google Ads,2024-07,Rental,706170.38,0.017091721337779562,1978.5819296196269,356.90732308252603
Google Ads,2024-07,Secondary Sales,4528412.78,0.10960296768352089,12687.923410730678,356.9073230825261
Google Ads,2024-08,Mortgage,8608041.65,0.22760647455181932,19457.726995464225,442.3970822494639
Google Ads,2024-08,Primary Sales,29091510.880000003,0.769212847707666,65758.8217627429,442.39708224946384
Google Ads,2024-08,Property Management,49348.450000000004,0.0013048295054539762,111.54786498382204,442.39708224946384
Google Ads,2024-08,Rental,70944.29,0.0018758482350607457,160.36337680906115,442.3970822494639
Google Ads,2024-09,Primary Sales,2086010.86,0.12437071859234868,13264.247827813533,157.26567288843066
Google Ads,2024-09,Rental,317417.43,0.01892484580010122,2018.3516476935572,157.26567288843066
Google Ads,2024-09,Secondary Sales,14369095.69,0.85670443560755,91368.2905244929,157.26567288843066
Google Ads,2024-10,Mortgage,9898598.0,0.1713307634510972,20537.528266571633,481.9761108308089
Google Ads,2024-10,Primary Sales,43968672.62,0.7610356787815764,91225.83387838198,481.9761108308089
Google Ads,2024-10,Property Management,51395.380000000005,0.000889581503689639,106.63470417943938,481.976110830809
Google Ads,2024-10,Rental,253097.5,0.004380760578676301,525.1245742526986,481.9761108308089
Google Ads,2024-10,Secondary Sales,3603021.37,0.06236321568496046,7475.5185766142495,481.97611083080886
Google Ads,2024-11,Primary Sales,50799909.09,0.799093778496799,37515.10356471593,1354.118855153017
Google Ads,2024-11,Rental,48019.49,0.0007553571727383823,35.4617985099792,1354.1188551530172
Google Ads,2024-11,Secondary Sales,12723970.56,0.20015086433046272,9396.494636774092,1354.1188551530172
Google Ads,2024-12,Mortgage,5188291.08,0.13917991575493327,12709.642681302257,408.21691137176776
Google Ads,2024-12,Primary Sales,16393763.07,0.4397753572046956,40159.44125124697,408.21691137176776
Google Ads,2024-12,Rental,549612.84,0.01474378896432881,1346.3745001476955,408.2169113717678
Google Ads,2024-12,Secondary Sales,15145917.58,0.4063009380760423,37102.621567303075,408.2169113717678
Google Ads,2025-01,Mortgage,8820279.64,0.194639873495914,12858.275966102252,685.9612955307962
Google Ads,2025-01,Primary Sales,29791115.97,0.657409887256466,43429.73308275019,685.9612955307962
Google Ads,2025-01,Property Management,11197.0,0.0002470877061142416,16.323078390794297,685.9612955307962
Google Ads,2025-01,Rental,1091730.44,0.0240915575703038,1591.5335852225014,685.9612955307962
Google Ads,2025-01,Secondary Sales,5601569.74,0.123611593971202,8166.014287534271,685.9612955307962
Google Ads,2025-02,Mortgage,32857220.57,0.4861674556084734,40246.13794721023,816.4067969229229
Google Ads,2025-02,Primary Sales,34692426.66,0.5133218362838463,42494.04437929406,816.4067969229229
Google Ads,2025-02,Property Management,34515.78,0.0005107081076803884,42.27767349572745,816.4067969229229
Google Ads,2025-03,Primary Sales,28671202.9,0.7380101019047902,60817.515812011865,471.4300233607576
Google Ads,2025-03,Property Management,46350.59,0.0011930857511823177,98.31913052455425,471.4300233607577
Google Ads,2025-03,Rental,301704.43000000005,0.007766012395992869,639.9771229019145,471.4300233607577
Google Ads,2025-03,Secondary Sales,9830078.73,0.2530307999480347,20851.61793456167,471.4300233607576
Google Ads,2025-04,Mortgage,27481286.15,0.36860017108986076,34857.740433607134,788.384037753195
Google Ads,2025-04,Primary Sales,36096679.4,0.4841564594172334,45785.65479695839,788.384037753195
Google Ads,2025-04,Property Management,57364.590000000004,0.0007694180531830646,72.76224181743021,788.384037753195
Google Ads,2025-04,Rental,1216888.14,0.016321840766583714,1543.5220422118043,788.3840377531951
Google Ads,2025-04,Secondary Sales,9703596.68,0.13015211067313912,12308.210485405245,788.384037753195
Google Ads,2025-05,Mortgage,28918093.26,0.30017089429152904,12922.567118876328,2237.7978766895776
Google Ads,2025-05,Primary Sales,51393194.51,0.5334632895006163,22965.96803730418,2237.7978766895776
Google Ads,2025-05,Property Management,78282.22,0.0008125723841215048,34.98180993709966,2237.797876689578
Google Ads,2025-05,Rental,248914.72,0.002583744143604216,111.23199400306201,2237.7978766895776
Google Ads,2025-05,Secondary Sales,15700280.34,0.16296949968012903,7015.95103987933,2237.7978766895776
Google Ads,2025-06,Mortgage,9633424.89,0.12077421180830378,9163.389452514451,1051.2949318504159
Google Ads,2025-06,Primary Sales,49131575.78,0.6159623817578181,46734.34094609591,1051.2949318504159
Google Ads,2025-06,Property Management,30018.94,0.0003763473384823123,28.554251609643696,1051.2949318504159
Google Ads,2025-06,Rental,1725656.75,0.021634552219250147,1641.4582603976028,1051.2949318504159
Google Ads,2025-06,Secondary Sales,19243246.3,0.24125250687614566,18304.32708938241,1051.2949318504159
Influencer,2024-01,Rental,74613.6,1.0,9698.19,7.693559313645124
Influencer,2024-02,Primary Sales,18701174.54,1.0,38415.38,486.8147741867971
Influencer,2024-03,Property Management,31779.77,0.004833858201400004,52.873804455717554,601.0494294318454
Influencer,2024-03,Rental,612738.3500000001,0.09320049510930402,1019.4475196144913,601.0494294318455
Influencer,2024-03,Secondary Sales,5929892.77,0.901965646689296,9865.898675929791,601.0494294318454
Influencer,2024-04,Mortgage,5183439.2,0.9637625242395115,23018.041522924857,225.19027932231094
Influencer,2024-04,Property Management,42140.29,0.007835190246387966,187.13192295341193,225.19027932231094
Influencer,2024-04,Rental,152757.05,0.02840228551410061,678.3465541217322,225.19027932231094
Influencer,2024-05,Primary Sales,27483472.23,0.7888844133742451,10347.268297673012,2656.1089786548528
Influencer,2024-05,Rental,242856.33,0.006970937726607337,91.43311963163161,2656.1089786548523
Influencer,2024-05,Secondary Sales,7112073.32,0.2041446488991475,2677.6285826953554,2656.1089786548523
Influencer,2024-06,Primary Sales,14214629.64,0.9586999865904626,10088.505415889964,1408.9926162512793
Influencer,2024-06,Property Management,18409.38,0.001241613239748027,13.06563269932486,1408.9926162512795
Influencer,2024-06,Rental,593945.27,0.04005840016978935,421.53895141071206,1408.992616251279
Influencer,2024-07,Primary Sales,14800670.0,0.7677006861395522,29305.123534723807,505.054004719093
Influencer,2024-07,Rental,155849.42,0.008083803413524607,308.5797133450753,505.054004719093
Influencer,2024-07,Secondary Sales,4322700.03,0.22421551044692323,8558.886751931117,505.0540047190929
Influencer,2024-08,Mortgage,4618829.39,0.5035961599338438,12750.762683752162,362.2394600666208
Influencer,2024-08,Primary Sales,2924004.75,0.3188075244598543,8072.021610959323,362.23946006662084
Influencer,2024-08,Property Management,46932.78,0.005117133755620253,129.56285875472653,362.23946006662084
Influencer,2024-08,Rental,563948.45,0.06148793337886059,1556.8388101513904,362.2394600666208
Influencer,2024-08,Secondary Sales,1017977.66,0.11099124847182114,2810.2340363823973,362.23946006662084
Influencer,2024-09,Primary Sales,39760626.56,0.8808805725669827,33076.686721244,1202.0740437240695
Influencer,2024-09,Rental,47608.03,0.0010547366164338958,39.60490641034772,1202.0740437240693
Influencer,2024-09,Secondary Sales,5329128.86,0.11806469081658336,4433.278372345654,1202.0740437240693
Influencer,2024-10,Mortgage,16311903.25,0.401801430398816,12096.272242299396,1348.5066244589786
Influencer,2024-10,Primary Sales,17321917.96,0.4266805232294975,12845.259819876344,1348.5066244589789
Influencer,2024-10,Property Management,39903.75,0.0009829253878315368,29.591067093207197,1348.5066244589786
Influencer,2024-10,Secondary Sales,6923201.82,0.17053512098385493,5133.97687073105,1348.5066244589789
Influencer,2024-11,Mortgage,13960526.49,0.5183187116467181,19665.768665195486,709.8896934909727
Influencer,2024-11,Primary Sales,12070579.03,0.44814978691104446,17003.457214093916,709.8896934909727
Influencer,2024-11,Rental,227307.6,0.00843935094166406,320.20129617910925,709.8896934909726
Influencer,2024-11,Secondary Sales,675838.29,0.025092150500573354,952.0328245314839,709.8896934909726
Influencer,2024-12,Mortgage,13021947.25,0.2802303871447245,3905.262652210166,3334.461317891202
Influencer,2024-12,Primary Sales,18691235.119999997,0.40223262722022396,5605.473669678319,3334.4613178912014
Influencer,2024-12,Rental,419505.32,0.009027692708006595,125.8090228095091,3334.461317891202
Influencer,2024-12,Secondary Sales,14336031.79,0.30850929292704493,4299.354655302005,3334.4613178912023
Influencer,2025-01,Mortgage,965516.47,0.06904770767870133,1283.083861279005,752.4967768182765
Influencer,2025-01,Primary Sales,9223632.93,0.6596166197830716,12257.372010282314,752.4967768182765
Influencer,2025-01,Rental,242063.31,0.017310856094064207,321.6801951278747,752.4967768182767
Influencer,2025-01,Secondary Sales,3552111.32,0.2540248164441627,4720.433933310805,752.4967768182765
Influencer,2025-02,Primary Sales,10408262.08,0.6974678914353696,9292.155477225999,1120.1127774400084
Influencer,2025-02,Property Management,22130.83,0.0014830087114615221,19.75768016018842,1120.1127774400084
Influencer,2025-02,Rental,621586.62,0.041653131508756006,554.9321751517036,1120.1127774400084
Influencer,2025-02,Secondary Sales,3870946.97,0.25939596834441286,3455.8546674621093,1120.1127774400086
Influencer,2025-03,Mortgage,11021466.17,0.4256311808868604,3349.0065895075104,3290.965805958825
Influencer,2025-03,Primary Sales,11156820.23,0.4308583355600241,3390.1355674370047,3290.965805958825
Influencer,2025-03,Property Management,29260.75,0.0011300027949126483,8.891234891295037,3290.9658059588255
Influencer,2025-03,Rental,524153.27,0.020241950738193792,159.27034825185237,3290.9658059588246
Influencer,2025-03,Secondary Sales,3162704.56,0.12213853002000898,961.0262599123372,3290.965805958825
Influencer,2025-04,Mortgage,3689905.08,0.11980570564116193,1764.1330252808275,2091.625193294374
Influencer,2025-04,Primary Sales,4815374.2,0.1563480066422862,2302.2165804073325,2091.625193294374
Influencer,2025-04,Property Management,48105.44,0.00156191177264066,22.99907275654509,2091.625193294374
Influencer,2025-04,Rental,801408.71,0.026020543598515355,383.1512034609587,2091.6251932943746
Influencer,2025-04,Secondary Sales,21444282.96,0.6962638323453959,10252.450118094337,2091.6251932943746
Influencer,2025-05,Mortgage,2199648.96,0.04102913364614291,704.3861149802992,3122.7886427907815
Influencer,2025-05,Primary Sales,33154017.590000004,0.6184080475307674,10616.798439605838,3122.7886427907815
Influencer,2025-05,Property Management,22911.71,0.00042736256045676897,7.336939069793787,3122.7886427907815
Influencer,2025-05,Rental,345728.07,0.006448721340178321,110.71132553211442,3122.788642790782
Influencer,2025-05,Secondary Sales,17889572.95,0.33368673492245465,5728.717180811956,3122.7886427907815
Influencer,2025-06,Mortgage,15828718.24,0.10525772163883045,1976.8242185545469,8007.14504174476
Influencer,2025-06,Primary Sales,119058899.94,0.7917172040400087,14869.082465634594,8007.14504174476
Influencer,2025-06,Property Management,17950.1,0.00011936447415019311,2.241760316119947,8007.14504174476
Influencer,2025-06,Rental,1299547.57,0.008641724131130818,162.29849256194166,8007.14504174476
Influencer,2025-06,Secondary Sales,14175473.75,0.09426398571587992,1770.3530629327975,8007.145041744761
Meta Ads,2024-01,Unallocated,0.0,1.0,96172.67,0.0
Meta Ads,2024-02,Rental,114654.13,0.011878920589630226,452.74902173096007,253.23992873944113
Meta Ads,2024-02,Secondary Sales,9537243.879999999,0.9881210794103696,37660.900978269034,253.23992873944113
Meta Ads,2024-03,Primary Sales,14137242.08,0.9957970504933038,75191.83864510898,188.0156455107457
Meta Ads,2024-03,Rental,59668.9,0.004202949506696139,317.3613548910201,188.0156455107457
Meta Ads,2024-04,Primary Sales,28889262.13,0.7919719293613812,66006.0372032213,437.6760574347904
Meta Ads,2024-04,Property Management,14338.33,0.00039307182103927876,32.76014247623376,437.67605743479027
Meta Ads,2024-04,Secondary Sales,7574033.48,0.20763499881757957,17305.11265430246,437.6760574347904
Meta Ads,2024-05,Primary Sales,9414779.74,0.4433110472368003,11268.137829101132,835.522238260643
Meta Ads,2024-05,Rental,241290.13999999998,0.011361559973288781,288.78960840385076,835.522238260643
Meta Ads,2024-05,Secondary Sales,11581342.989999998,0.5453273927899109,13861.20256249502,835.5222382606429
Meta Ads,2024-06,Mortgage,11148256.36,0.2048073936969946,6753.329240134385,1650.7793361749618
Meta Ads,2024-06,Primary Sales,32558525.669999998,0.5981407827160332,19723.124076317617,1650.7793361749616
Meta Ads,2024-06,Property Management,34351.71,0.0006310838185761802,20.809389387921897,1650.7793361749616
Meta Ads,2024-06,Rental,580153.36,0.010658141844717523,351.44210209480786,1650.7793361749616
Meta Ads,2024-06,Secondary Sales,10111593.27,0.18576259792367847,6125.345192065271,1650.7793361749616
Meta Ads,2024-07,Mortgage,4152333.35,0.3055201349307585,16069.760277893434,258.39423103978777
Meta Ads,2024-07,Primary Sales,9170923.2,0.6747776388192974,35491.98123772296,258.39423103978777
Meta Ads,2024-07,Rental,267773.55,0.019702226249944072,1036.2984843836084,258.39423103978777
Meta Ads,2024-08,Mortgage,16662524.42,0.34814151921213343,30733.811466515413,542.1561343979049
Meta Ads,2024-08,Primary Sales,23435872.11,0.4896617052001696,43227.16395347415,542.1561343979049
Meta Ads,2024-08,Property Management,103426.48,0.0021609601862454964,190.76880890568722,542.1561343979049
Meta Ads,2024-08,Rental,838785.8200000001,0.01752532583345466,1547.1296307133357,542.1561343979048
Meta Ads,2024-08,Secondary Sales,6820744.96,0.14251048956799683,12580.77614039141,542.1561343979048
Meta Ads,2024-09,Mortgage,4354298.52,0.08314621563269864,3666.808806139422,1187.4899265839817
Meta Ads,2024-09,Primary Sales,31471525.52,0.6009551791538396,26502.56209796511,1187.4899265839815
Meta Ads,2024-09,Property Management,32063.89,0.0006122664993495049,27.001399575857693,1187.4899265839815
Meta Ads,2024-09,Rental,671849.98,0.012829111980568636,565.7732035948227,1187.4899265839815
Meta Ads,2024-09,Secondary Sales,15839434.72,0.3024572267335437,13338.584492724793,1187.4899265839817
Meta Ads,2024-10,Mortgage,4256398.65,0.21587544553722107,9210.336677617815,462.13279698488566
Meta Ads,2024-10,Primary Sales,15235316.91,0.7727027227224141,32967.40030008794,462.1327969848857
Meta Ads,2024-10,Property Management,31068.85,0.0015757456919781444,67.22926873553213,462.1327969848858
Meta Ads,2024-10,Rental,194134.48,0.00984608604838664,420.08375355871846,462.1327969848858
Meta Ads,2024-11,Mortgage,15381192.69,0.42459070520871617,39547.83462925869,388.92629227847857
Meta Ads,2024-11,Primary Sales,19834381.060000002,0.5475189090582679,50997.78917954514,388.9262922784785
Meta Ads,2024-11,Property Management,11596.27,0.0003201096661568889,29.816112282007545,388.92629227847857
Meta Ads,2024-11,Rental,266712.98,0.0073624883680277345,685.7674199332055,388.9262922784785
Meta Ads,2024-11,Secondary Sales,732045.88,0.020207787698831255,1882.22265898095,388.92629227847857
Meta Ads,2024-12,Primary Sales,20846964.200000003,0.7567192465845298,70110.71167618615,297.3434971860498
Meta Ads,2024-12,Property Management,47454.99,0.0017225579674318427,159.59652875915125,297.3434971860497
Meta Ads,2024-12,Rental,664667.53,0.024126616600166673,2235.3525006942164,297.3434971860498
Meta Ads,2024-12,Secondary Sales,5990052.930000001,0.21743157884787154,20145.229294360473,297.3434971860498
Meta Ads,2025-01,Mortgage,5311400.86,0.32129459971754937,31534.113930262305,168.43348989434628
Meta Ads,2025-01,Primary Sales,6390186.2,0.3865519420143348,37938.9289149586,168.43348989434628
Meta Ads,2025-01,Property Management,43582.45,0.0026363677298233724,258.7516890336837,168.43348989434628
Meta Ads,2025-01,Rental,130011.69,0.007864602013328762,771.8874083862585,168.43348989434628
Meta Ads,2025-01,Secondary Sales,4656067.27,0.2816524885249638,27643.358057359157,168.43348989434628
Meta Ads,2025-02,Primary Sales,8035487.91,0.7777990224528193,23398.691330242877,343.4161251409009
Meta Ads,2025-02,Rental,191418.69,0.018528466675422982,557.3957539747514,343.4161251409008
Meta Ads,2025-02,Secondary Sales,2104152.81,0.20367251087175772,6127.122915782371,343.4161251409009
Meta Ads,2025-03,Mortgage,2639958.37,0.046336095588267,4495.745773622929,587.2125566994796
Meta Ads,2025-03,Primary Sales,45585533.34,0.8001094465305422,77630.37901679189,587.2125566994796
Meta Ads,2025-03,Rental,804396.41,0.014118627539046691,1369.8556013877435,587.2125566994796
Meta Ads,2025-03,Secondary Sales,7944234.03,0.1394358303421442,13528.71960819744,587.2125566994796
Meta Ads,2025-04,Mortgage,3134116.34,0.06813378819857543,5546.056973807823,565.1071301289161
Meta Ads,2025-04,Primary Sales,30876288.900000002,0.6712317923305381,54637.93899212756,565.107130128916
Meta Ads,2025-04,Property Management,56634.18,0.0012311927211100266,100.21848421392282,565.1071301289161
Meta Ads,2025-04,Rental,609549.94,0.013251245966323754,1078.64492854823,565.1071301289161
Meta Ads,2025-04,Secondary Sales,11322854.129999999,0.2461519807834527,20036.650621302466,565.1071301289161
Meta Ads,2025-05,Mortgage,24870830.89,0.5156421587212452,34110.29600578496,729.1297292108521
Meta Ads,2025-05,Primary Sales,14756184.83,0.3059371451594832,20238.078683159492,729.1297292108521
Meta Ads,2025-05,Property Management,80076.64,0.001660213592998461,109.8249554118005,729.129729210852
Meta Ads,2025-05,Rental,294329.63,0.0061022796729259315,403.6725128716906,729.1297292108521
Meta Ads,2025-05,Secondary Sales,8231311.640000001,0.17065820285334718,11289.227842772056,729.129729210852
Meta Ads,2025-06,Primary Sales,33552725.28,0.556839913310669,39100.43561080954,858.1164060157979
Meta Ads,2025-06,Property Management,65363.369999999995,0.0010847683155617925,76.17074972785994,858.116406015798
Meta Ads,2025-06,Rental,973556.8200000001,0.016157116619523983,1134.5276854922138,858.116406015798
Meta Ads,2025-06,Secondary Sales,25663958.48,0.4259182017542453,29907.31595397038,858.116406015798
Offline Event,2024-01,Unallocated,0.0,1.0,3179.25,0.0
Offline Event,2024-02,Mortgage,7104983.68,0.2689674280377886,3081.764238274253,2305.4922864504056
Offline Event,2024-02,Primary Sales,19238838.490000002,0.728308626753906,8344.785451275833,2305.492286450406
Offline Event,2024-02,Property Management,26903.33,0.0010184568750131007,11.669234444250105,2305.4922864504056
Offline Event,2024-02,Rental,45051.8,0.001705488333292392,19.541076005664237,2305.4922864504056
Offline Event,2024-03,Primary Sales,3332427.97,0.487589656159925,6453.65379869122,516.3629897029502
Offline Event,2024-03,Rental,74333.63,0.01087624681436673,143.95615387299958,516.3629897029502
Offline Event,2024-03,Secondary Sales,3427731.15,0.5015340970257083,6638.2200474357805,516.3629897029502
Offline Event,2024-04,Primary Sales,28947327.45,0.9144550033460439,6783.280902020419,4267.452265079861
Offline Event,2024-04,Property Management,49589.21,0.0015665384403725903,11.620331504533416,4267.452265079862
Offline Event,2024-04,Rental,599963.8200000001,0.018953042140876647,140.59063411428042,4267.452265079862
Offline Event,2024-04,Secondary Sales,2058397.63,0.06502541607270687,482.3481323607679,4267.452265079862
Offline Event,2024-05,Mortgage,11035474.07,0.2863743767095897,3380.248592929313,3264.6930444949
Offline Event,2024-05,Primary Sales,23082985.619999997,0.5990114767696537,7070.491867198285,3264.6930444949
Offline Event,2024-05,Rental,379209.88,0.009840627809759177,116.15483441527343,3264.6930444949003
Offline Event,2024-05,Secondary Sales,4037461.25,0.10477351871099733,1236.704705457128,3264.6930444949
Offline Event,2024-06,Primary Sales,31125726.2,0.9227820676239077,3603.473201892036,8637.701588472244
Offline Event,2024-06,Property Management,12008.29,0.00035600887200593236,1.3902182052718859,8637.701588472244
Offline Event,2024-06,Rental,1343398.68,0.03982763979892711,155.52733169120836,8637.701588472244
Offline Event,2024-06,Secondary Sales,1249177.91,0.037034283705159356,144.61924821148435,8637.701588472242
Offline Event,2024-07,Mortgage,2953293.45,0.038176723738850254,413.7135198131724,7138.498764395393
Offline Event,2024-07,Primary Sales,56174779.379999995,0.7261618494027816,7869.270729608063,7138.498764395393
Offline Event,2024-07,Property Management,36896.27,0.00047695182704719986,5.168631559345095,7138.498764395394
Offline Event,2024-07,Rental,1084881.67,0.014024081421686185,151.97616555052883,7138.498764395394
Offline Event,2024-07,Secondary Sales,17108632.64,0.22116039360963477,2396.67095346889,7138.498764395394
Offline Event,2024-08,Mortgage,13603796.510000002,0.18320365582659046,1744.4505544883282,7798.3273730508145
Offline Event,2024-08,Primary Sales,52300215.230000004,0.7043321049098465,6706.593956383166,7798.3273730508145
Offline Event,2024-08,Property Management,49293.05,0.000663834317148494,6.320977261142588,7798.327373050814
Offline Event,2024-08,Rental,284785.53,0.003835234537958636,36.518796451679094,7798.3273730508145
Offline Event,2024-08,Secondary Sales,8016959.0600000005,0.1079651704084558,1028.0357154156834,7798.327373050814
Offline Event,2024-09,Mortgage,1999891.16,0.07604677986303396,887.1799851093213,2254.21131401377
Offline Event,2024-09,Primary Sales,9565423.05,0.3637296046551558,4243.3568630121645,2254.2113140137703
Offline Event,2024-09,Property Management,41244.67,0.0015683475194787505,18.29671856564378,2254.21131401377
Offline Event,2024-09,Rental,94659.08,0.0035994549917393107,41.99210580282882,2254.21131401377
Offline Event,2024-09,Secondary Sales,14596952.24,0.5550558129705921,6475.4143275100405,2254.21131401377
Offline Event,2024-10,Mortgage,3157418.54,0.16862209839736575,2494.7083004965552,1265.6463841369898
Offline Event,2024-10,Primary Sales,3906406.19,0.2086218221009935,3086.4910127829057,1265.6463841369898
Offline Event,2024-10,Property Management,47502.7,0.002536884119753267,37.532363379990066,1265.6463841369898
Offline Event,2024-10,Rental,544949.03,0.029103030781028168,430.569736405154,1265.6463841369898
Offline Event,2024-10,Secondary Sales,11068544.13,0.5911161646008594,8745.368586935396,1265.64638413699
Offline Event,2024-11,Mortgage,9099903.33,0.18310611759675308,1624.759175393621,5600.770543607128
Offline Event,2024-11,Primary Sales,33757786.14,0.6792662443323869,6027.346751159455,5600.770543607128
Offline Event,2024-11,Property Management,45807.03,0.0009217182993896701,8.178701420340348,5600.770543607128
Offline Event,2024-11,Rental,1492071.92,0.030023120745210505,266.40475777089125,5600.770543607128
Offline Event,2024-11,Secondary Sales,5301860.859999999,0.1066827990262598,946.6306142556915,5600.770543607128
Offline Event,2024-12,Mortgage,1279503.24,0.0364572417454582,378.20122813628666,3383.12819951744
Offline Event,2024-12,Primary Sales,26296551.48,0.7492749564106197,7772.8510210611785,3383.12819951744
Offline Event,2024-12,Rental,644860.5700000001,0.01837419160627055,190.6107401108776,3383.1281995174404
Offline Event,2024-12,Secondary Sales,6875081.5200000005,0.19589361023765148,2032.167010691656,3383.12819951744
Offline Event,2025-01,Primary Sales,37669897.94,0.830020499036769,8272.141997295257,4553.826318783808
Offline Event,2025-01,Property Management,28415.42,0.0006261068486648358,6.239899814095,4553.826318783807
Offline Event,2025-01,Rental,501994.53,0.011060973697565807,110.23576545494338,4553.826318783807
Offline Event,2025-01,Secondary Sales,7183990.43,0.15829242041700028,1577.5723374357042,4553.826318783807
Offline Event,2025-02,Mortgage,8208667.279999999,0.21583448771076144,2429.199892425603,3379.1650105020735
Offline Event,2025-02,Primary Sales,25738048.77,0.6767430548053037,7616.688942389309,3379.165010502074
Offline Event,2025-02,Property Management,13701.85,0.0003602694170154862,4.054803466955936,3379.165010502074
Offline Event,2025-02,Rental,508570.42000000004,0.01337208980719545,150.5018010128002,3379.165010502074
Offline Event,2025-02,Secondary Sales,3563243.54,0.09369009825972385,1054.4745607053312,3379.1650105020735
Offline Event,2025-03,Primary Sales,36647700.69,0.8540612072120551,7639.586039123906,4797.079383924668
Offline Event,2025-03,Property Management,47515.14,0.0011073228897092318,9.905014321677976,4797.079383924668
Offline Event,2025-03,Rental,887044.02,0.02067223515548294,184.91335018814647,4797.079383924668
Offline Event,2025-03,Secondary Sales,5327663.21,0.12415923474275278,1110.6055963662711,4797.079383924668
Offline Event,2025-04,Mortgage,6697790.41,0.08837277755061818,592.490868449242,11304.461835049853
Offline Event,2025-04,Primary Sales,44544715.65,0.5877371500481141,3940.4543356400786,11304.461835049855
Offline Event,2025-04,Rental,1491410.08,0.01967813908297403,131.93109957484523,11304.461835049855
Offline Event,2025-04,Secondary Sales,23056283.009999998,0.3042119333182937,2039.5736963358343,11304.461835049853
Offline Event,2025-05,Mortgage,5210198.55,0.09670188624262518,672.9000754193073,7742.900826327512
Offline Event,2025-05,Primary Sales,39980103.66,0.7420353368486663,5163.452891461445,7742.900826327511
Offline Event,2025-05,Property Management,110081.29000000001,0.002043121443619732,14.217060565427904,7742.900826327513
Offline Event,2025-05,Rental,492562.45,0.009142015904036663,63.61471766823912,7742.900826327511
Offline Event,2025-05,Secondary Sales,8086029.45,0.15007763956105227,1044.3152548855821,7742.900826327512
Offline Event,2025-06,Mortgage,25081033.31,0.2909634242970669,1726.7457185648873,14525.029968422365
Offline Event,2025-06,Primary Sales,58785610.08,0.6819680113199041,4047.193720618877,14525.029968422365
Offline Event,2025-06,Property Management,131763.62,0.001528581123397802,9.071486963294127,14525.029968422365
Offline Event,2025-06,Rental,1274910.53,0.014790153535392299,87.77334936806842,14525.029968422365
Offline Event,2025-06,Secondary Sales,926634.81,0.010749829724238822,63.79572448487323,14525.029968422363
Organic Search,2024-02,Mortgage,2459196.74,0.9574012075939504,0.0,
Organic Search,2024-02,Rental,109419.97,0.04259879240604955,0.0,
Organic Search,2024-03,Mortgage,6290314.02,0.289283784659472,0.0,
Organic Search,2024-03,Primary Sales,7680153.73,0.3532007989930145,0.0,
Organic Search,2024-03,Rental,366849.56,0.016870958871058404,0.0,
Organic Search,2024-03,Secondary Sales,7407123.11,0.340644457476455,0.0,
Organic Search,2024-04,Primary Sales,15246197.22,0.9167076886447386,0.0,
Organic Search,2024-04,Property Management,20745.46,0.0012473617133539794,0.0,
Organic Search,2024-04,Rental,40462.88,0.002432910493381996,0.0,
Organic Search,2024-04,Secondary Sales,1324065.31,0.07961203914852541,0.0,
Organic Search,2024-05,Mortgage,9402747.2,0.4925000066376414,0.0,
Organic Search,2024-05,Primary Sales,5146126.92,0.26954543053738006,0.0,
Organic Search,2024-05,Rental,236725.09,0.012399260122222179,0.0,
Organic Search,2024-05,Secondary Sales,4306273.02,0.22555530270275648,0.0,
Organic Search,2024-06,Mortgage,6410079.71,0.3742183865331446,0.0,
Organic Search,2024-06,Rental,150432.66,0.008782210183637345,0.0,
Organic Search,2024-06,Secondary Sales,10568736.06,0.6169994032832181,0.0,
Organic Search,2024-07,Primary Sales,22651446.03,0.7624358819313918,0.0,
Organic Search,2024-07,Property Management,20821.35,0.0007008358022365154,0.0,
Organic Search,2024-07,Rental,218868.68,0.007367005834503872,0.0,
Organic Search,2024-07,Secondary Sales,6818176.64,0.22949627643186774,0.0,
Organic Search,2024-08,Mortgage,4779587.51,0.195038418594336,0.0,
Organic Search,2024-08,Primary Sales,19443351.310000002,0.7934158510001863,0.0,
Organic Search,2024-08,Rental,282938.25,0.01154573040547779,0.0,
Organic Search,2024-09,Mortgage,1439754.39,0.04710055274360851,0.0,
Organic Search,2024-09,Primary Sales,22735011.04,0.7437599038097337,0.0,
Organic Search,2024-09,Property Management,11484.07,0.00037569327692502623,0.0,
Organic Search,2024-09,Rental,550585.53,0.018012018560771777,0.0,
Organic Search,2024-09,Secondary Sales,5830840.0,0.19075183160896092,0.0,
Organic Search,2024-10,Primary Sales,32171811.5,0.7763667163000424,0.0,
Organic Search,2024-10,Property Management,35950.5,0.0008675536232811968,0.0,
Organic Search,2024-10,Rental,76240.0,0.0018398155307703214,0.0,
Organic Search,2024-10,Secondary Sales,9154935.07,0.2209259145459061,0.0,
Organic Search,2024-11,Mortgage,5383321.75,0.2185810190027767,0.0,
Organic Search,2024-11,Primary Sales,15714496.94,0.6380615749488161,0.0,
Organic Search,2024-11,Property Management,59640.600000000006,0.0024216095056805785,0.0,
Organic Search,2024-11,Rental,200159.04,0.00812713208639583,0.0,
Organic Search,2024-11,Secondary Sales,3270877.66,0.13280866445633088,0.0,
Organic Search,2024-12,Mortgage,5967709.82,0.1709853931012257,0.0,
Organic Search,2024-12,Primary Sales,23964408.46,0.6866224941499315,0.0,
Organic Search,2024-12,Property Management,13524.21,0.00038749242724297334,0.0,
Organic Search,2024-12,Secondary Sales,4956226.68,0.1420046203215998,0.0,
Organic Search,2025-01,Mortgage,18469049.310000002,0.4179534335269552,0.0,
Organic Search,2025-01,Primary Sales,21951104.48,0.49675212476461394,0.0,
Organic Search,2025-01,Secondary Sales,3769097.52,0.08529444170843092,0.0,
Organic Search,2025-02,Primary Sales,942024.31,0.06780018188966279,0.0,
Organic Search,2025-02,Property Management,2443.12,0.00017583832882006297,0.0,
Organic Search,2025-02,Rental,522557.85,0.037609981931221205,0.0,
Organic Search,2025-02,Secondary Sales,12427101.309999999,0.894413997850296,0.0,
Organic Search,2025-03,Mortgage,5818510.1,0.15774042966759858,0.0,
Organic Search,2025-03,Primary Sales,16702390.7,0.45280359408400833,0.0,
Organic Search,2025-03,Property Management,57144.06,0.0015491815640830517,0.0,
Organic Search,2025-03,Rental,403771.07,0.010946276791570068,0.0,
Organic Search,2025-03,Secondary Sales,13904796.54,0.37696051789273993,0.0,
Organic Search,2025-04,Mortgage,19797038.53,0.4745800475713924,0.0,
Organic Search,2025-04,Primary Sales,3431773.83,0.0822674252529052,0.0,
Organic Search,2025-04,Property Management,51974.83,0.0012459549066662866,0.0,
Organic Search,2025-04,Rental,599543.21,0.014372414575631239,0.0,
Organic Search,2025-04,Secondary Sales,17834525.99,0.42753415769340486,0.0,
Organic Search,2025-05,Mortgage,6535529.77,0.1010126733962952,0.0,
Organic Search,2025-05,Primary Sales,32246842.98,0.49840486274769963,0.0,
Organic Search,2025-05,Property Management,30923.25,0.00047794750579217176,0.0,
Organic Search,2025-05,Rental,169180.89,0.0026148475468522805,0.0,
Organic Search,2025-05,Secondary Sales,25717620.14,0.3974896688033607,0.0,
Organic Search,2025-06,Mortgage,8156185.58,0.06708176395837138,0.0,
Organic Search,2025-06,Primary Sales,95638686.69,0.7865946333490875,0.0,
Organic Search,2025-06,Rental,2025447.0699999998,0.016658591314190636,0.0,
Organic Search,2025-06,Secondary Sales,15765415.719999999,0.1296650113783504,0.0,
Push Notification,2024-01,Unallocated,0.0,1.0,7790.55,0.0
Push Notification,2024-02,Unallocated,0.0,1.0,4594.99,0.0
Push Notification,2024-03,Rental,194188.98,0.03169905697805565,165.36193461286464,1174.326972254065
Push Notification,2024-03,Secondary Sales,5931828.59,0.9683009430219442,5051.258065387135,1174.3269722540651
Push Notification,2024-04,Mortgage,8273118.43,0.7451612872572889,9322.876800359138,887.3997379951755
Push Notification,2024-04,Primary Sales,2392140.91,0.21546056845174677,2695.6745732248633,887.3997379951755
Push Notification,2024-04,Rental,437194.01,0.039378144290964305,492.6686264159984,887.3997379951755
Push Notification,2024-05,Mortgage,8910640.24,0.25598279009153657,3803.453731049672,2342.7760320199436
Push Notification,2024-05,Primary Sales,25012559.62,0.7185549664676513,10676.462144968315,2342.776032019943
Push Notification,2024-05,Rental,886328.69,0.025462243440812122,378.3241239820123,2342.7760320199436
Push Notification,2024-06,Mortgage,13888846.190000001,0.3085067416866347,3299.5443887543124,4209.322425646622
Push Notification,2024-06,Primary Sales,17369617.71,0.385823565957034,4126.464060859329,4209.322425646622
Push Notification,2024-06,Rental,458905.24,0.010193457282092854,109.0211662580123,4209.322425646622
Push Notification,2024-06,Secondary Sales,13302218.16,0.2954762350742384,3160.1803841283454,4209.322425646622
Push Notification,2024-07,Mortgage,19960651.229999997,0.5528019409372857,1932.9770188559978,10326.377931701121
Push Notification,2024-07,Rental,763972.65,0.021157905064152646,73.98263505877192,10326.377931701121
Push Notification,2024-07,Secondary Sales,15383518.57,0.42604015399856165,1489.7303460852306,10326.377931701121
Push Notification,2024-08,Mortgage,7083412.78,0.3354892286128281,2658.369679036044,2664.5702574250427
Push Notification,2024-08,Primary Sales,10091552.66,0.4779627169220447,3787.3096541099126,2664.570257425043
Push Notification,2024-08,Rental,568095.86,0.026906527653968115,213.20355821617179,2664.570257425043
Push Notification,2024-08,Secondary Sales,3370620.38,0.15964152681115915,1264.9771086378714,2664.570257425043
Push Notification,2024-09,Mortgage,3393327.5700000003,0.09680406908086617,666.8522545959812,5088.574787912924
Push Notification,2024-09,Primary Sales,20455897.03,0.5835611294087959,4019.9658809357843,5088.574787912925
Push Notification,2024-09,Rental,230321.56,0.006570560532431256,45.26248892854854,5088.574787912925
Push Notification,2024-09,Secondary Sales,10974017.21,0.3130642409779066,2156.5993755396858,5088.574787912924
Push Notification,2024-10,Mortgage,4349786.11,0.09093840770042169,1183.2532762507299,3676.124289959951
Push Notification,2024-10,Primary Sales,35875700.260000005,0.7500320646299559,9759.109711818488,3676.1242899599515
Push Notification,2024-10,Property Management,49036.94,0.0010251863262538939,13.339304150821903,3676.1242899599515
Push Notification,2024-10,Rental,151411.28,0.003165466154629544,41.18774776291623,3676.124289959951
Push Notification,2024-10,Secondary Sales,7406287.46,0.15483887518873898,2014.6999600170443,3676.1242899599515
Push Notification,2024-11,Primary Sales,10459003.3,0.9958337088139698,3803.0789756234626,2750.140969209137
Push Notification,2024-11,Property Management,43757.56,0.004166291186030108,15.91102437653712,2750.1409692091365
Push Notification,2024-12,Primary Sales,55529593.74,1.0,1440.75,38542.14384174909
Push Notification,2025-01,Primary Sales,8857247.53,0.5349273042272509,5814.788179503232,1523.227890092583
Push Notification,2025-01,Rental,292833.55,0.017685478582170313,192.24539670305103,1523.2278900925828
Push Notification,2025-01,Secondary Sales,7407771.659999999,0.4473872171905788,4863.206423793717,1523.227890092583
Push Notification,2025-02,Mortgage,9795269.93,0.38499816125896896,2367.8772910807124,4136.730381636197
Push Notification,2025-02,Primary Sales,15068487.850000001,0.5922593411576474,3642.6081614823484,4136.730381636197
Push Notification,2025-02,Property Management,31651.33,0.001244039616925681,7.6512914983550315,4136.730381636197
Push Notification,2025-02,Rental,546971.96,0.02149845796645793,132.22325593858417,4136.730381636198
Push Notification,2025-03,Primary Sales,17066264.58,0.6405281600878521,9092.835276101534,1876.8914273477299
Push Notification,2025-03,Property Management,61197.759999999995,0.002296863993321376,32.605913750951316,1876.89142734773
Push Notification,2025-03,Rental,900239.35,0.03378763125294194,479.64380724576324,1876.8914273477299
Push Notification,2025-03,Secondary Sales,8616348.71,0.32338734466588465,4590.755002901752,1876.8914273477299
Push Notification,2025-04,Mortgage,13898758.350000001,0.318188129504574,504.14045426834207,27569.21852298332
Push Notification,2025-04,Primary Sales,29635032.090000004,0.6784430084378815,1074.9318869990639,27569.21852298332
Push Notification,2025-04,Rental,147155.08,0.0033688620575445818,5.337658732594211,27569.218522983316
Push Notification,2025-05,Mortgage,2291852.97,0.06041747041073084,196.2292979723086,11679.463737996051
Push Notification,2025-05,Primary Sales,22740522.549999997,0.5994821073924224,1947.0519417787746,11679.463737996051
Push Notification,2025-05,Rental,395069.5,0.010414760518617486,33.82599654081255,11679.463737996051
Push Notification,2025-05,Secondary Sales,12506168.46,0.3296856616782294,1070.7827637081043,11679.463737996053
Push Notification,2025-06,Mortgage,24461625.57,0.23096422746334902,2921.0022750867006,8374.394562658783
Push Notification,2025-06,Primary Sales,55218755.53,0.5213699791118985,6593.7609121283895,8374.394562658783
Push Notification,2025-06,Property Management,36158.9,0.0003414087252920245,4.317792734680981,8374.394562658783
Push Notification,2025-06,Rental,1219247.62,0.011512014352193642,145.59233039204946,8374.394562658783
Push Notification,2025-06,Secondary Sales,24975096.67,0.2358123703472668,2982.3166896581797,8374.394562658783
Referral,2024-02,Rental,115115.75,1.0,0.0,
Referral,2024-03,Mortgage,10955744.53,0.304555425476957,0.0,
Referral,2024-03,Primary Sales,25017164.22,0.695444574523043,0.0,
Referral,2024-04,Primary Sales,9089158.97,1.0,0.0,
Referral,2024-05,Mortgage,4305321.93,0.12569397743698704,0.0,
Referral,2024-05,Primary Sales,20898137.32,0.6101216223742733,0.0,
Referral,2024-05,Rental,319096.64,0.009316034090017139,0.0,
Referral,2024-05,Secondary Sales,8729856.34,0.2548683660987225,0.0,
Referral,2024-06,Mortgage,15185010.030000001,0.978760127741126,0.0,
Referral,2024-06,Rental,329526.78,0.021239872258874096,0.0,
Referral,2024-07,Mortgage,16040014.85,0.9929985009624314,0.0,
Referral,2024-07,Rental,113095.99,0.007001499037568667,0.0,
Referral,2024-08,Mortgage,5600168.37,0.7426119132167481,0.0,
Referral,2024-08,Property Management,56990.94,0.007557299744082677,0.0,
Referral,2024-08,Rental,189290.42,0.0251009097695757,0.0,
Referral,2024-08,Secondary Sales,1694727.93,0.22472987726959345,0.0,
Referral,2024-09,Primary Sales,24300214.34,0.7759516142912739,0.0,
Referral,2024-09,Property Management,21383.11,0.0006828029782336431,0.0,
Referral,2024-09,Rental,913692.27,0.02917591515663802,0.0,
Referral,2024-09,Secondary Sales,6081372.16,0.19418966757385447,0.0,
Referral,2024-10,Mortgage,19869510.86,0.2927249989369342,0.0,
Referral,2024-10,Primary Sales,39856196.95,0.5871762667950745,0.0,
Referral,2024-10,Property Management,124716.28,0.001837366465015153,0.0,
Referral,2024-10,Rental,315271.97,0.004644703522565484,0.0,
Referral,2024-10,Secondary Sales,7712042.199999999,0.11361666428041055,0.0,
Referral,2024-11,Mortgage,16906580.48,0.280381001447246,0.0,
Referral,2024-11,Primary Sales,31126579.96,0.5162073827487897,0.0,
Referral,2024-11,Property Management,35883.32,0.0005950937984623127,0.0,
Referral,2024-11,Rental,656932.72,0.010894660462827267,0.0,
Referral,2024-11,Secondary Sales,11572618.620000001,0.19192186154267465,0.0,
Referral,2024-12,Primary Sales,19343369.05,1.0,0.0,
Referral,2025-01,Mortgage,4134093.86,0.08612138644897978,0.0,
Referral,2025-01,Primary Sales,22403445.08,0.466708259865966,0.0,
Referral,2025-01,Property Management,9494.7,0.00019779345985074668,0.0,
Referral,2025-01,Rental,453320.22,0.00944356059002408,0.0,
Referral,2025-01,Secondary Sales,21002750.02,0.43752899963517944,0.0,
Referral,2025-02,Mortgage,11029415.75,0.18605722575955397,0.0,
Referral,2025-02,Primary Sales,30936582.54,0.5218748528791161,0.0,
Referral,2025-02,Rental,416558.93000000005,0.007027008559466828,0.0,
Referral,2025-02,Secondary Sales,16897138.61,0.2850409128018631,0.0,
Referral,2025-03,Mortgage,20296537.34,0.2645236973192891,0.0,
Referral,2025-03,Primary Sales,38263814.96,0.4986902759424247,0.0,
Referral,2025-03,Rental,934167.58,0.012174956645950367,0.0,
Referral,2025-03,Secondary Sales,17234096.67,0.2246110700923357,0.0,
Referral,2025-04,Mortgage,6912807.17,0.24099383076722777,0.0,
Referral,2025-04,Primary Sales,21487127.91,0.749082845777733,0.0,
Referral,2025-04,Property Management,25487.05,0.0008885278676818455,0.0,
Referral,2025-04,Rental,259159.33,0.009034795587357333,0.0,
Referral,2025-05,Mortgage,18510761.43,0.23102088626409215,0.0,
Referral,2025-05,Primary Sales,37406962.32,0.4668521940760543,0.0,
Referral,2025-05,Rental,276516.23,0.003451020897361624,0.0,
Referral,2025-05,Secondary Sales,23931681.66,0.2986758987624919,0.0,
Referral,2025-06,Mortgage,32394835.240000002,0.3106067395746336,0.0,
Referral,2025-06,Primary Sales,59588407.31,0.5713429555631955,0.0,
Referral,2025-06,Property Management,40676.02,0.00039000803237524307,0.0,
Referral,2025-06,Rental,970662.74,0.009306865945275918,0.0,
Referral,2025-06,Secondary Sales,11300757.82,0.10835343088451971,0.0,
SMS Campaign,2024-01,Unallocated,0.0,1.0,8632.76,0.0
SMS Campaign,2024-02,Primary Sales,21399159.31,1.0,9702.19,2205.600932366816
SMS Campaign,2024-03,Mortgage,6206943.86,0.7400862366966164,7291.0409703027535,851.3110659069939
SMS Campaign,2024-03,Primary Sales,2154309.64,0.25686955611466455,2530.5786877147907,851.3110659069938
SMS Campaign,2024-03,Property Management,25531.11,0.003044207188719015,29.990341982456137,851.3110659069938
SMS Campaign,2024-04,Mortgage,7449732.56,0.5766555160088809,2341.521255864381,3181.5780195639963
SMS Campaign,2024-04,Primary Sales,5452170.46,0.4220318172038752,1713.6686343926795,3181.578019563997
SMS Campaign,2024-04,Property Management,16958.16,0.0013126667872438583,5.330109742939431,3181.578019563997
SMS Campaign,2024-05,Property Management,8494.32,0.0014493271056247598,12.72088893877908,667.745787332946
SMS Campaign,2024-05,Rental,603354.21,0.10294615823818899,903.5687254724087,667.7457873329458
SMS Campaign,2024-05,Secondary Sales,5249023.02,0.8956045146561862,7860.810385588812,667.745787332946
SMS Campaign,2024-06,Mortgage,4452188.16,0.15265564511739146,369.61137451467937,12045.592930807325
SMS Campaign,2024-06,Primary Sales,20924241.869999997,0.7174457876589796,1737.086915537798,12045.592930807323
SMS Campaign,2024-06,Property Management,20486.93,0.000702451334766777,1.7007821962506682,12045.592930807323
SMS Campaign,2024-06,Rental,787847.48,0.027013540531384723,65.40545446999401,12045.592930807321
SMS Campaign,2024-06,Secondary Sales,2980145.62,0.10218257535747738,247.4054732812778,12045.592930807323
SMS Campaign,2024-07,Mortgage,11624196.29,0.2932275037679609,1722.8669952137673,6747.0073559321445
SMS Campaign,2024-07,Primary Sales,11550546.88,0.2913696520843257,1711.9511319110181,6747.0073559321445
SMS Campaign,2024-07,Rental,307130.43,0.007747554073700217,45.520986386647834,6747.007355932145
SMS Campaign,2024-07,Secondary Sales,16160370.53,0.4076552900740133,2395.1908864885672,6747.007355932145
SMS Campaign,2024-08,Mortgage,4983422.44,0.06753476753937256,520.4357502642374,9575.480618827205
SMS Campaign,2024-08,Primary Sales,54314447.84,0.7360631479806428,5672.242470336949,9575.480618827205
SMS Campaign,2024-08,Property Management,59729.119999999995,0.0008094421621080327,6.2377150952153,9575.480618827203
SMS Campaign,2024-08,Rental,82002.54,0.0011112889872804158,8.563804080890467,9575.480618827205
SMS Campaign,2024-08,Secondary Sales,14350871.05,0.1944813533305961,1498.7102602227062,9575.480618827205
SMS Campaign,2024-09,Mortgage,24055297.86,0.577519061180928,1584.8624588363737,15178.16118735105
SMS Campaign,2024-09,Primary Sales,11545057.83,0.27717349409121483,760.6361328947572,15178.16118735105
SMS Campaign,2024-09,Property Management,24471.49,0.0005875109929110007,1.6122829174059428,15178.161187351052
SMS Campaign,2024-09,Rental,154711.19,0.003714302841851578,10.193012716779613,15178.16118735105
SMS Campaign,2024-09,Secondary Sales,5873282.25,0.14100563089309462,386.95611263468385,15178.16118735105
SMS Campaign,2024-10,Mortgage,5073822.35,0.10769009747819835,386.56760461066517,13125.316993673443
SMS Campaign,2024-10,Primary Sales,33438105.56,0.7097120472187376,2547.6036560577973,13125.316993673443
SMS Campaign,2024-10,Rental,736058.6699999999,0.015622586770696265,56.07930614969443,13125.316993673443
SMS Campaign,2024-10,Secondary Sales,7867045.06,0.1669752685323677,599.3794331818431,13125.316993673441
SMS Campaign,2024-11,Mortgage,10615206.610000001,0.1167185973059221,771.3827049210817,13761.271211137691
SMS Campaign,2024-11,Primary Sales,62657410.3,0.6889442014391121,4553.170222332962,13761.271211137691
SMS Campaign,2024-11,Rental,463119.66000000003,0.005092192652102845,33.653842940409014,13761.271211137693
SMS Campaign,2024-11,Secondary Sales,17211266.35,0.18924500860286295,1250.703229805547,13761.271211137691
SMS Campaign,2024-12,Mortgage,3739740.98,0.12877858087975624,1228.716361533827,3043.6161648662505
SMS Campaign,2024-12,Primary Sales,5309028.22,0.18281723886186854,1744.3159493251349,3043.6161648662505
SMS Campaign,2024-12,Property Management,67078.32,0.002309852715360563,22.039020811596895,3043.6161648662496
SMS Campaign,2024-12,Rental,330190.04000000004,0.01137014702334544,108.48609749531609,3043.61616486625
SMS Campaign,2024-12,Secondary Sales,19594047.79,0.6747241805196691,6437.752570834124,3043.6161648662505
SMS Campaign,2025-01,Mortgage,762842.69,0.0434800514305569,168.92608701491383,4515.837094673551
SMS Campaign,2025-01,Primary Sales,10740989.93,0.612208520437541,2378.515811092708,4515.837094673551
SMS Campaign,2025-01,Rental,109365.99,0.006233577292264245,24.218320481267508,4515.83709467355
SMS Campaign,2025-01,Secondary Sales,5931460.72,0.3380778508396378,1313.4797814111105,4515.83709467355
SMS Campaign,2025-02,Mortgage,3989565.4,0.1081355665017288,926.7174794971556,4305.050339791552
SMS Campaign,2025-02,Primary Sales,25641745.96,0.6950092171638584,5956.20119072558,4305.050339791551
SMS Campaign,2025-02,Property Management,35793.49,0.0009701681587232445,8.314302313531856,4305.050339791551
SMS Campaign,2025-02,Rental,372086.54,0.010085256100969837,86.43024137506745,4305.050339791552
SMS Campaign,2025-02,Secondary Sales,6854917.82,0.18579979207471967,1592.2967860886645,4305.050339791552
SMS Campaign,2025-03,Mortgage,2970661.7,0.22215418639178905,1657.0880640499051,1792.699956295464
SMS Campaign,2025-03,Primary Sales,6564830.72,0.4909359512062321,3661.9796285185025,1792.6999562954643
SMS Campaign,2025-03,Property Management,91322.54999999999,0.006829349432307783,50.94134669848157,1792.699956295464
SMS Campaign,2025-03,Rental,688923.63,0.05151958855117293,384.2938845291381,1792.699956295464
SMS Campaign,2025-03,Secondary Sales,3056333.06,0.22856092441849807,1704.8770762039726,1792.699956295464
SMS Campaign,2025-04,Mortgage,15171160.260000002,0.2776552918867211,1363.9538558643287,11122.927799039166
SMS Campaign,2025-04,Primary Sales,27515476.509999998,0.5035750417803752,2473.762035241915,11122.927799039166
SMS Campaign,2025-04,Property Management,26511.68,0.0004852040399451522,2.3835163258265655,11122.927799039166
SMS Campaign,2025-04,Rental,472355.57999999996,0.008644825062260691,42.46683863584942,11122.927799039166
SMS Campaign,2025-04,Secondary Sales,11454766.49,0.20963963723069798,1029.8337539320808,11122.927799039166
SMS Campaign,2025-05,Primary Sales,41009930.68,0.5802946151968245,7022.150941442925,5840.081055217705
SMS Campaign,2025-05,Property Management,32849.42,0.00046482257400243113,5.624822616229159,5840.0810552177045
SMS Campaign,2025-05,Rental,157828.61,0.002233290595432913,27.025071828239632,5840.081055217705
SMS Campaign,2025-05,Secondary Sales,29470270.54,0.41700727163374013,5046.209164112605,5840.081055217705
SMS Campaign,2025-06,Mortgage,1769201.51,0.028577729451885654,275.5461815977869,6420.707772980475
SMS Campaign,2025-06,Primary Sales,50522716.6,0.8160882285077251,7868.7145383892,6420.707772980474
SMS Campaign,2025-06,Property Management,21841.12,0.0003527973578804874,3.401668596710081,6420.707772980474
SMS Campaign,2025-06,Rental,541543.28,0.00874749272756768,84.3432374042803,6420.707772980474
SMS Campaign,2025-06,Secondary Sales,9053097.63,0.1462337519549411,1409.9843740120225,6420.707772980474
TikTok Ads,2024-01,Unallocated,0.0,1.0,34175.03,0.0
TikTok Ads,2024-02,Mortgage,6906558.52,0.9045115301291463,22064.780897584613,313.012785037718
TikTok Ads,2024-02,Secondary Sales,729119.18,0.09548846987085378,2329.359102415389,313.01278503771806
TikTok Ads,2024-03,Unallocated,0.0,1.0,12858.33,0.0
TikTok Ads,2024-04,Rental,100216.37,0.020130598442461154,448.23414540535725,223.58040106331046
TikTok Ads,2024-04,Secondary Sales,4878094.15,0.9798694015575388,21818.07585459464,223.5804010633105
TikTok Ads,2024-05,Primary Sales,7001064.01,0.33455547370975947,6072.874377662713,1152.8418957176784
TikTok Ads,2024-05,Property Management,45684.8,0.002183111007627485,39.62798382822464,1152.8418957176784
TikTok Ads,2024-05,Rental,775585.23,0.03706240703617603,672.7594068891599,1152.8418957176784
TikTok Ads,2024-05,Secondary Sales,13104132.75,0.626199008246437,11366.808231619902,1152.8418957176784
TikTok Ads,2024-06,Mortgage,4124884.79,0.13409455571651643,2621.7470242003565,1573.3344033290575
TikTok Ads,2024-06,Primary Sales,17027866.6,0.5535534500412337,10822.78920741218,1573.3344033290573
TikTok Ads,2024-06,Rental,212438.6,0.006906098263180522,135.0244420706087,1573.3344033290573
TikTok Ads,2024-06,Secondary Sales,9395826.129999999,0.3054458959790695,5971.919326316858,1573.334403329057
TikTok Ads,2024-07,Mortgage,695401.95,0.025221984275959092,751.6590176762212,925.1561328298278
TikTok Ads,2024-07,Primary Sales,26735170.839999996,0.9696752483100745,28898.00963457228,925.1561328298278
TikTok Ads,2024-07,Rental,140689.74,0.005102767413966517,152.07134775150251,925.1561328298278
TikTok Ads,2024-08,Mortgage,11166083.219999999,0.39954803460312094,19578.472995006563,570.3245203468053
TikTok Ads,2024-08,Primary Sales,8390345.6,0.30022578446454956,14711.528788728849,570.3245203468053
TikTok Ads,2024-08,Property Management,27979.23,0.0010011609385272592,49.05843778729042,570.3245203468053
TikTok Ads,2024-08,Rental,590089.46,0.021114752535671768,1034.655602114347,570.3245203468053
TikTok Ads,2024-08,Secondary Sales,7772287.99,0.2781102674581304,13627.83417636295,570.3245203468053
TikTok Ads,2024-09,Mortgage,2924549.57,0.25152280587945514,11187.731890290104,261.40683372455794
TikTok Ads,2024-09,Primary Sales,8034568.21,0.6910045775729735,30735.876700400084,261.40683372455794
TikTok Ads,2024-09,Property Management,38606.29,0.003320293314568763,147.68661342908544,261.40683372455794
TikTok Ads,2024-09,Rental,629649.28,0.05415232323300258,2408.6947958807223,261.40683372455794
TikTok Ads,2024-10,Primary Sales,19982102.04,0.6936123918459022,13935.741115267618,1433.8743719993588
TikTok Ads,2024-10,Property Management,81180.43,0.002817909352612776,56.6161384743937,1433.8743719993586
TikTok Ads,2024-10,Rental,661081.1200000001,0.022947238280010704,461.04535579236625,1433.8743719993588
TikTok Ads,2024-10,Secondary Sales,8084380.71,0.2806224605214744,5638.137390465624,1433.8743719993588
TikTok Ads,2024-11,Mortgage,3333769.47,0.16912983621697264,2348.504771040001,1419.5285064393074
TikTok Ads,2024-11,Primary Sales,1782319.28,0.09042117957626884,1255.5713195719495,1419.5285064393076
TikTok Ads,2024-11,Property Management,48332.240000000005,0.0024520063275999147,34.04809398385017,1419.5285064393074
TikTok Ads,2024-11,Rental,424461.38,0.0215339075859466,299.01574929601315,1419.5285064393076
TikTok Ads,2024-11,Secondary Sales,14122420.76,0.716463070293212,9948.670066108185,1419.5285064393076
TikTok Ads,2024-12,Primary Sales,25521568.89,0.6199929517791073,11116.641023496375,2295.798599240279
TikTok Ads,2024-12,Rental,243849.6,0.005923814242994785,106.2155888067421,2295.798599240279
TikTok Ads,2024-12,Secondary Sales,15398870.26,0.3740832339778979,6707.413387696884,2295.798599240279
TikTok Ads,2025-01,Secondary Sales,2462052.72,1.0,40398.91,60.94354327876668
TikTok Ads,2025-02,Mortgage,4890777.16,0.08874077873030123,3291.764644746391,1485.7614950709221
TikTok Ads,2025-02,Primary Sales,44069999.83,0.7996287656578576,29661.557373915075,1485.7614950709221
TikTok Ads,2025-02,Property Management,9412.37,0.00017078288708981487,6.335047738971528,1485.761495070922
TikTok Ads,2025-02,Rental,122014.59,0.002213895538241702,82.12259531882383,1485.7614950709221
TikTok Ads,2025-02,Secondary Sales,6020870.67,0.10924577718650966,4052.3803382807396,1485.761495070922
TikTok Ads,2025-03,Mortgage,5338003.34,0.16588642077873034,5713.075247964824,934.3485090453804
TikTok Ads,2025-03,Primary Sales,7218853.16,0.2243366361100155,7726.081959905378,934.3485090453803
TikTok Ads,2025-03,Property Management,21533.94,0.0006691993249790534,23.047010608494606,934.3485090453803
TikTok Ads,2025-03,Rental,553516.12,0.01720133955370103,592.4086298008062,934.3485090453804
TikTok Ads,2025-03,Secondary Sales,19046757.1,0.591906404232574,20385.067151720494,934.3485090453803
TikTok Ads,2025-04,Mortgage,5698649.66,0.2584852617878733,11261.73758262642,506.0186865649717
TikTok Ads,2025-04,Primary Sales,4817935.35,0.2185369086580765,9521.259743796809,506.01868656497163
TikTok Ads,2025-04,Rental,492470.44999999995,0.022337985450230635,973.2258176927382,506.01868656497163
TikTok Ads,2025-04,Secondary Sales,11037267.879999999,0.5006398441038197,21811.976855884033,506.0186865649717
TikTok Ads,2025-05,Mortgage,31550945.240000002,0.2660962552072044,10213.434193565421,3089.161259772688
TikTok Ads,2025-05,Primary Sales,73724381.44,0.621781112084727,23865.501098969795,3089.161259772688
TikTok Ads,2025-05,Property Management,34257.32,0.00028892144105647935,11.089521432921499,3089.1612597726876
TikTok Ads,2025-05,Rental,1337770.51,0.011282569201328689,433.0529867186144,3089.161259772688
TikTok Ads,2025-05,Secondary Sales,11922315.76,0.10055114206568333,3859.4021993132496,3089.1612597726876
TikTok Ads,2025-06,Mortgage,15692970.32,0.13827749073600235,1541.4524763043082,10180.638431114336
TikTok Ads,2025-06,Primary Sales,81059547.59,0.7142504326702102,7962.128125704148,10180.638431114336
TikTok Ads,2025-06,Property Management,59836.58,0.0005272457646898846,5.87748797925343,10180.638431114336
TikTok Ads,2025-06,Rental,355659.08,0.003133864662778201,34.93485034425988,10180.638431114336
TikTok Ads,2025-06,Secondary Sales,16320958.760000002,0.14381096616631953,1603.137059668032,10180.638431114336
WhatsApp Campaign,2024-01,Unallocated,0.0,1.0,5117.04,0.0
WhatsApp Campaign,2024-02,Primary Sales,10009985.36,1.0,11265.08,888.5853771122796
WhatsApp Campaign,2024-03,Primary Sales,9158729.09,0.5539879929352712,2826.2196048786504,3240.628956854628
WhatsApp Campaign,2024-03,Rental,234183.99,0.014165187912297298,72.26498100149678,3240.6289568546276
WhatsApp Campaign,2024-03,Secondary Sales,7139447.2,0.4318468191524314,2203.1054141198524,3240.6289568546276
WhatsApp Campaign,2024-04,Mortgage,4322270.59,0.4440155912487865,4563.0505478337045,947.2326779399772
WhatsApp Campaign,2024-04,Rental,503248.54,0.05169741074290043,531.2829167744243,947.2326779399773
WhatsApp Campaign,2024-04,Secondary Sales,4908982.71,0.5042869980083131,5182.446535391872,947.2326779399772
WhatsApp Campaign,2024-05,Mortgage,2427667.79,0.0695775539994371,344.7999181506905,7040.801526347864
WhatsApp Campaign,2024-05,Primary Sales,22111252.31,0.6337139117350992,3140.445335272692,7040.801526347864
WhatsApp Campaign,2024-05,Property Management,16100.11,0.0004614330995106531,2.2866870965969825,7040.801526347864
WhatsApp Campaign,2024-05,Rental,258884.98,0.007419706991949337,36.76924836344397,7040.801526347864
WhatsApp Campaign,2024-05,Secondary Sales,10077631.67,0.2888273941740037,1431.3188111165762,7040.801526347865
WhatsApp Campaign,2024-06,Primary Sales,11072915.99,0.5027005940904673,3432.5200885447653,3225.8852692379787
WhatsApp Campaign,2024-06,Rental,318568.23,0.014462715929929908,98.7537384041102,3225.885269237979
WhatsApp Campaign,2024-06,Secondary Sales,10635376.54,0.4828366899796029,3296.8861730511253,3225.8852692379787
WhatsApp Campaign,2024-07,Mortgage,7474263.98,0.17022793476122972,212.80194124501324,35123.100551955846
WhatsApp Campaign,2024-07,Primary Sales,17093490.42,0.38930784085812625,486.6737318567436,35123.100551955846
WhatsApp Campaign,2024-07,Property Management,4375.66,9.965657715735675e-05,0.12458068710441166,35123.100551955846
WhatsApp Campaign,2024-07,Rental,540120.65,0.012301361447417461,15.377931945416567,35123.100551955846
WhatsApp Campaign,2024-07,Secondary Sales,18795137.29,0.42806320635606926,535.1218142657222,35123.100551955846
WhatsApp Campaign,2024-08,Mortgage,1242632.22,0.028093275298595795,76.17716343416639,16312.398151631152
WhatsApp Campaign,2024-08,Primary Sales,29205883.549999997,0.660282997417273,1790.4101701367292,16312.39815163115
WhatsApp Campaign,2024-08,Property Management,40643.04,0.0009188528136602163,2.4915429124647694,16312.398151631152
WhatsApp Campaign,2024-08,Rental,202875.88,0.004586592763774373,12.436913206395314,16312.398151631154
WhatsApp Campaign,2024-08,Secondary Sales,13540337.89,0.3061182817066966,830.0642103102443,16312.39815163115
WhatsApp Campaign,2024-09,Mortgage,1529838.21,0.10527284920021186,846.145263645591,1808.0089503884226
WhatsApp Campaign,2024-09,Primary Sales,11890753.47,0.8182391371465392,6576.711618294509,1808.0089503884228
WhatsApp Campaign,2024-09,Property Management,49297.95,0.0033923428126622513,27.266430284766617,1808.0089503884228
WhatsApp Campaign,2024-09,Rental,68452.68,0.004710438405764723,37.86080814771077,1808.0089503884228
WhatsApp Campaign,2024-09,Secondary Sales,993782.75,0.06838523243482188,549.6558796274218,1808.0089503884226
WhatsApp Campaign,2024-10,Mortgage,8170092.39,0.2166451690222616,731.4179215877476,11170.210831400636
WhatsApp Campaign,2024-10,Primary Sales,25134596.85,0.6664905025479956,2250.1452505573134,11170.210831400636
WhatsApp Campaign,2024-10,Rental,549622.95,0.014574272996839884,49.2043488073611,11170.210831400636
WhatsApp Campaign,2024-10,Secondary Sales,3857548.3000000003,0.10229005543290288,345.3424790475778,11170.210831400635
WhatsApp Campaign,2024-11,Mortgage,18816392.23,0.4958293981658863,1864.6854508583751,10090.920278987647
WhatsApp Campaign,2024-11,Primary Sales,13087142.78,0.34485835802108084,1296.9226213441996,10090.920278987645
WhatsApp Campaign,2024-11,Rental,400440.16000000003,0.010551969851993845,39.68321510118733,10090.920278987647
WhatsApp Campaign,2024-11,Secondary Sales,5645352.36,0.14876027396103902,559.4487126962379,10090.920278987647
WhatsApp Campaign,2024-12,Mortgage,555157.79,0.02544291409562883,302.43991985473986,1835.596935307479
WhatsApp Campaign,2024-12,Primary Sales,20790503.3,0.9528299863481834,11326.290047720857,1835.5969353074786
WhatsApp Campaign,2024-12,Property Management,86107.47,0.003946310403393487,46.90979176513838,1835.5969353074786
WhatsApp Campaign,2024-12,Rental,387972.21,0.01778078915279432,211.36024065926608,1835.5969353074788
WhatsApp Campaign,2025-01,Mortgage,4693300.6,0.10227541620861769,665.1849884625802,7055.632164591489
WhatsApp Campaign,2025-01,Primary Sales,33159966.41,0.7226149899809384,4699.786728737426,7055.63216459149
WhatsApp Campaign,2025-01,Rental,451918.0,0.009848101683954804,64.05067461820629,7055.6321645914895
WhatsApp Campaign,2025-01,Secondary Sales,7583658.8,0.16526149212648902,1074.837608181787,7055.632164591489
WhatsApp Campaign,2025-02,Mortgage,11116785.0,0.4088619110148019,1051.7277595607054,10570.021470806621
WhatsApp Campaign,2025-02,Primary Sales,12630442.59,0.4645324070142711,1194.93064653502,10570.021470806621
WhatsApp Campaign,2025-02,Rental,299760.0,0.011024810360711033,28.359450435167812,10570.021470806623
WhatsApp Campaign,2025-02,Secondary Sales,3142595.74,0.11558087161021605,297.312143469107,10570.021470806623
WhatsApp Campaign,2025-03,Mortgage,9380395.8,0.4615120470114909,1970.4810661612016,4760.45974817431
WhatsApp Campaign,2025-03,Primary Sales,6133045.109999999,0.3017435792133541,1288.330420680921,4760.459748174309
WhatsApp Campaign,2025-03,Rental,223325.62,0.010987538930533223,46.91261596858326,4760.45974817431
WhatsApp Campaign,2025-03,Secondary Sales,4588587.62,0.22575683484462192,963.8958971892946,4760.45974817431
WhatsApp Campaign,2025-04,Mortgage,6890366.3,0.24161312824832237,1396.9056300179357,4932.592547365945
WhatsApp Campaign,2025-04,Primary Sales,15883923.46,0.5569753869293591,3220.197757563044,4932.592547365945
WhatsApp Campaign,2025-04,Property Management,18220.92,0.000638922996120311,3.693984415909268,4932.592547365945
WhatsApp Campaign,2025-04,Rental,204549.53,0.007172601524105339,41.468969519736945,4932.592547365945
WhatsApp Campaign,2025-04,Secondary Sales,5521118.21,0.1935999603020928,1119.3136584833737,4932.592547365945
WhatsApp Campaign,2025-05,Mortgage,29880714.009999998,0.4806880159905599,1302.6501026939375,22938.403757237167
WhatsApp Campaign,2025-05,Primary Sales,15909847.38,0.25594010133912487,693.5899964259881,22938.403757237167
WhatsApp Campaign,2025-05,Rental,1154569.72,0.018573445997436402,50.333481449672725,22938.403757237164
WhatsApp Campaign,2025-05,Secondary Sales,15217254.920000002,0.24479843667287882,663.3964194304014,22938.403757237167
WhatsApp Campaign,2025-06,Mortgage,7746476.5,0.17528165866981035,2307.8880264741388,3356.5218117772506
WhatsApp Campaign,2025-06,Primary Sales,26600228.65,0.6018907046020484,7924.9384159119745,3356.521811777251
WhatsApp Campaign,2025-06,Property Management,47112.83,0.0010660349885562555,14.036205525223192,3356.5218117772506
WhatsApp Campaign,2025-06,Rental,1092490.45,0.024720082499046826,325.4828990434998,3356.5218117772506
WhatsApp Campaign,2025-06,Secondary Sales,8708141.57,0.19704151924053812,2594.3944530451627,3356.5218117772515
,2024-01,Secondary Sales,2984092.69,0.0,0.0,
,2024-04,Secondary Sales,1131840.15,0.0,0.0,
,2024-05,Mortgage,4292273.9,0.0,0.0,
,2024-05,Primary Sales,10895087.99,0.0,0.0,
,2024-05,Rental,515787.03,0.0,0.0,
,2024-06,Mortgage,22134166.66,0.0,0.0,
,2024-06,Primary Sales,10372904.51,0.0,0.0,
,2024-06,Rental,441139.43999999994,0.0,0.0,
,2024-07,Mortgage,2428900.66,0.0,0.0,
,2024-07,Property Management,32104.52,0.0,0.0,
,2024-07,Rental,197141.74,0.0,0.0,
,2024-07,Secondary Sales,2657437.68,0.0,0.0,
,2024-08,Primary Sales,17948854.17,0.0,0.0,
,2024-08,Secondary Sales,1365350.73,0.0,0.0,
,2024-09,Rental,153202.95,0.0,0.0,
,2024-09,Secondary Sales,6084649.1,0.0,0.0,
,2024-10,Rental,297228.15,0.0,0.0,
,2024-10,Secondary Sales,14464221.0,0.0,0.0,
,2024-11,Property Management,38875.26,0.0,0.0,
,2024-11,Rental,391241.5,0.0,0.0,
,2024-11,Secondary Sales,7194644.66,0.0,0.0,
,2024-12,Primary Sales,34347083.589999996,0.0,0.0,
,2024-12,Rental,191090.12,0.0,0.0,
,2024-12,Secondary Sales,4763239.54,0.0,0.0,
,2025-01,Primary Sales,3767808.37,0.0,0.0,
,2025-01,Property Management,68940.5,0.0,0.0,
,2025-01,Secondary Sales,5184621.31,0.0,0.0,
,2025-02,Mortgage,5878090.73,0.0,0.0,
,2025-02,Primary Sales,18232217.64,0.0,0.0,
,2025-02,Rental,315854.83,0.0,0.0,
,2025-02,Secondary Sales,18566198.82,0.0,0.0,
,2025-03,Primary Sales,9998246.9,0.0,0.0,
,2025-04,Mortgage,16521958.47,0.0,0.0,
,2025-04,Primary Sales,16997646.93,0.0,0.0,
,2025-04,Property Management,18079.42,0.0,0.0,
,2025-04,Rental,640033.43,0.0,0.0,
,2025-04,Secondary Sales,6912191.5,0.0,0.0,
,2025-05,Primary Sales,6558422.2,0.0,0.0,
,2025-05,Property Management,70451.76999999999,0.0,0.0,
,2025-05,Rental,888315.3,0.0,0.0,
,2025-05,Secondary Sales,26104491.549999997,0.0,0.0,
,2025-06,Mortgage,4121699.37,0.0,0.0,
,2025-06,Primary Sales,36112255.35,0.0,0.0,
,2025-06,Property Management,62398.509999999995,0.0,0.0,
,2025-06,Rental,157940.35,0.0,0.0,
,2025-06,Secondary Sales,7457343.9799999995,0.0,0.0,
